T70M_FR_ABA关键词表,关键词,月搜索量,现排名,展示量,点击量,国家,型号,关键词翻译,历史排名,月变化量,月变化率,PPC价格,建议竞价范围,SPR,标题密度,点击集中度,转化集中度
,mini camera espion sans fil,20134,1420,508659,9010,FR,T70M,迷你无线间谍相机,"上月: 1,476
4月前: 1,284
12月前: 915","上月: +56
4月前: -136
12月前: -505","上月: +3.79%
4月前: -10.59%
12月前: -55.19%",€0.58,€0.43 - €0.73,6,6.0,"TOP1: 19.01%
TOP2: 14.53%
TOP3: 7.68%
合计: 41.22%","TOP1: 13.31%
TOP2: 12.75%
TOP3: 3.97%
合计: 30.03%"
,mini camera,12056,3882,299550,5854,FR,T70M,迷你相机,"上月: 4,132
4月前: 4,957
12月前: 3,723","上月: +250
4月前: +1,075
12月前: -159","上月: +6.05%
4月前: +21.69%
12月前: -4.27%",€0.32,€0.24 - €0.40,3,12.0,"TOP1: 17.07%
TOP2: 10.10%
TOP3: 6.10%
合计: 33.27%","TOP1: 8.62%
TOP2: 4.31%
TOP3: 6.03%
合计: 18.96%"
,mini camera espion,5310,15608,138530,2369,FR,T70M,迷你间谍相机,"上月: 21,909
4月前: 20,923
12月前: 12,347","上月: +6,301
4月前: +5,315
12月前: -3,261","上月: +28.76%
4月前: +25.40%
12月前: -26.41%",€0.47,€0.35 - €0.59,2,8.0,"TOP1: 15.58%
TOP2: 11.62%
TOP3: 5.24%
合计: 32.44%","TOP1: 8.70%
TOP2: 2.17%
TOP3: 0.00%
合计: 10.87%"
,mini camera espion sans fil invisible,5190,17318,121904,2331,FR,T70M,隐形无线迷你间谍相机,"上月: 17,936
4月前: 13,516
12月前: 17,435","上月: +618
4月前: -3,802
12月前: +117","上月: +3.45%
4月前: -28.13%
12月前: +0.67%",-,-,2,1.0,"TOP1: 19.11%
TOP2: 16.74%
TOP3: 9.48%
合计: 45.33%","TOP1: 20.00%
TOP2: 5.00%
TOP3: 1.67%
合计: 26.67%"
,mini camera sport,2667,41624,62110,1141,FR,T70M,迷你运动相机,"上月: -
4月前: -
12月前: -","上月: -
4月前: -
12月前: -","上月: -
4月前: -
12月前: -",-,-,1,1.0,"TOP1: 36.63%
TOP2: 10.98%
TOP3: 7.47%
合计: 55.08%","TOP1: 60.98%
TOP2: 12.62%
TOP3: 10.82%
合计: 84.42%"
,mini camera 4k,2039,48720,52787,991,FR,T70M,迷你4K相机,"上月: -
4月前: -
12月前: -","上月: -
4月前: -
12月前: -","上月: -
4月前: -
12月前: -",-,-,1,1.0,"TOP1: 38.14%
TOP2: 12.01%
TOP3: 7.67%
合计: 57.82%","TOP1: 61.65%
TOP2: 14.43%
TOP3: 10.70%
合计: 86.78%"
,camera espion mini,1873,30112,49223,903,FR,T70M,微型间谍相机,"上月: -
4月前: -
12月前: -","上月: -
4月前: -
12月前: -","上月: -
4月前: -
12月前: -",-,-,1,1.0,"TOP1: 37.21%
TOP2: 12.08%
TOP3: 7.53%
合计: 56.82%","TOP1: 60.57%
TOP2: 15.17%
TOP3: 11.51%
合计: 87.25%"
,mini camera surveillance,4397,21018,43888,789,FR,T70M,微型监控相机,"上月: -
4月前: -
12月前: -","上月: -
4月前: -
12月前: -","上月: -
4月前: -
12月前: -",-,-,1,1.0,"TOP1: 39.16%
TOP2: 10.39%
TOP3: 7.48%
合计: 57.03%","TOP1: 60.28%
TOP2: 15.11%
TOP3: 10.63%
合计: 86.02%"
,mini camera wifi,2510,53246,40175,765,FR,T70M,迷你WiFi相机,"上月: -
4月前: -
12月前: -","上月: -
4月前: -
12月前: -","上月: -
4月前: -
12月前: -",-,-,1,1.0,"TOP1: 36.21%
TOP2: 11.37%
TOP3: 7.39%
合计: 54.97%","TOP1: 60.26%
TOP2: 14.64%
TOP3: 10.85%
合计: 85.75%"
,mini drone avec camera,1592,46658,34789,639,FR,T70M,带相机的迷你无人机,"上月: -
4月前: -
12月前: -","上月: -
4月前: -
12月前: -","上月: -
4月前: -
12月前: -",-,-,1,1.0,"TOP1: 38.97%
TOP2: 10.80%
TOP3: 7.93%
合计: 57.70%","TOP1: 60.56%
TOP2: 14.23%
TOP3: 10.95%
合计: 85.74%"
,mini camera sans fil,1940,46308,32894,598,FR,T70M,迷你无线相机,"上月: -
4月前: -
12月前: -","上月: -
4月前: -
12月前: -","上月: -
4月前: -
12月前: -",-,-,1,1.0,"TOP1: 36.28%
TOP2: 12.20%
TOP3: 7.53%
合计: 56.01%","TOP1: 60.03%
TOP2: 14.38%
TOP3: 10.37%
合计: 84.78%"
,camera mini,1357,55494,28519,527,FR,T70M,微型相机,"上月: -
4月前: -
12月前: -","上月: -
4月前: -
12月前: -","上月: -
4月前: -
12月前: -",-,-,1,1.0,"TOP1: 35.09%
TOP2: 11.76%
TOP3: 7.21%
合计: 54.06%","TOP1: 59.58%
TOP2: 15.18%
TOP3: 10.44%
合计: 85.20%"
,mini camera de surveillance,1200,45136,26411,483,FR,T70M,迷你监控相机,"上月: -
4月前: -
12月前: -","上月: -
4月前: -
12月前: -","上月: -
4月前: -
12月前: -",-,-,1,1.0,"TOP1: 38.10%
TOP2: 9.52%
TOP3: 7.26%
合计: 54.88%","TOP1: 59.63%
TOP2: 15.53%
TOP3: 10.97%
合计: 86.13%"
,mini camera sans wifi,741,58356,22367,404,FR,T70M,迷你无WiFi相机,"上月: -
4月前: -
12月前: -","上月: -
4月前: -
12月前: -","上月: -
4月前: -
12月前: -",-,-,1,1.0,"TOP1: 35.89%
TOP2: 11.88%
TOP3: 7.18%
合计: 54.95%","TOP1: 59.16%
TOP2: 15.10%
TOP3: 10.64%
合计: 84.90%"
,mini camera exterieur sans fil,1125,50096,20938,376,FR,T70M,室外迷你无线相机,"上月: -
4月前: -
12月前: -","上月: -
4月前: -
12月前: -","上月: -
4月前: -
12月前: -",-,-,1,1.0,"TOP1: 38.29%
TOP2: 10.77%
TOP3: 7.45%
合计: 56.51%","TOP1: 58.78%
TOP2: 15.69%
TOP3: 10.37%
合计: 84.84%"
,mini camera espion wifi,710,48978,19919,360,FR,T70M,迷你WiFi间谍相机,"上月: -
4月前: -
12月前: -","上月: -
4月前: -
12月前: -","上月: -
4月前: -
12月前: -",-,-,1,1.0,"TOP1: 36.11%
TOP2: 12.50%
TOP3: 7.50%
合计: 56.11%","TOP1: 59.44%
TOP2: 15.28%
TOP3: 10.83%
合计: 85.56%"
,mini camera espion bluetooth,445,54820,16367,295,FR,T70M,迷你蓝牙间谍相机,"上月: -
4月前: -
12月前: -","上月: -
4月前: -
12月前: -","上月: -
4月前: -
12月前: -",-,-,1,1.0,"TOP1: 37.63%
TOP2: 11.53%
TOP3: 7.79%
合计: 56.95%","TOP1: 59.66%
TOP2: 14.58%
TOP3: 10.85%
合计: 85.09%"
,mini camera de surveillance exterieur,631,53460,15236,275,FR,T70M,室外监控迷你相机,"上月: -
4月前: -
12月前: -","上月: -
4月前: -
12月前: -","上月: -
4月前: -
12月前: -",-,-,1,1.0,"TOP1: 35.27%
TOP2: 12.36%
TOP3: 7.64%
合计: 55.27%","TOP1: 59.64%
TOP2: 14.91%
TOP3: 10.91%
合计: 85.46%"
,mini camera espion sans fil sans wifi,223,64188,8926,161,FR,T70M,迷你无WiFi无线间谍相机,"上月: -
4月前: -
12月前: -","上月: -
4月前: -
12月前: -","上月: -
4月前: -
12月前: -",-,-,1,1.0,"TOP1: 37.89%
TOP2: 11.18%
TOP3: 7.45%
合计: 56.52%","TOP1: 58.39%
TOP2: 15.53%
TOP3: 10.56%
合计: 84.48%"
,protection camera iphone 13 mini,518,49182,8209,148,FR,T70M,iPhone 13 mini相机保护套,"上月: -
4月前: -
12月前: -","上月: -
4月前: -
12月前: -","上月: -
4月前: -
12月前: -",-,-,1,1.0,"TOP1: 35.81%
TOP2: 12.84%
TOP3: 7.43%
合计: 56.08%","TOP1: 59.46%
TOP2: 14.86%
TOP3: 10.81%
合计: 85.13%"
,camera sport,24922,17328,7775,140,FR,T70M,运动相机,"上月: -
4月前: -
12月前: -","上月: -
4月前: -
12月前: -","上月: -
4月前: -
12月前: -",-,-,1,1.0,"TOP1: 35.71%
TOP2: 12.14%
TOP3: 7.14%
合计: 55.00%","TOP1: 59.29%
TOP2: 15.00%
TOP3: 10.71%
合计: 85.00%"
,camera sport 4k,10705,31564,6326,114,FR,T70M,4K运动相机,"上月: -
4月前: -
12月前: -","上月: -
4月前: -
12月前: -","上月: -
4月前: -
12月前: -",-,-,1,1.0,"TOP1: 36.84%
TOP2: 11.40%
TOP3: 7.02%
合计: 55.26%","TOP1: 58.77%
TOP2: 15.79%
TOP3: 10.53%
合计: 85.09%"
,camera sport 4k stabilisateur,482,51948,4436,80,FR,T70M,4K运动相机支架,"上月: -
4月前: -
12月前: -","上月: -
4月前: -
12月前: -","上月: -
4月前: -
12月前: -",-,-,1,1.0,"TOP1: 37.50%
TOP2: 12.50%
TOP3: 7.50%
合计: 57.50%","TOP1: 60.00%
TOP2: 15.00%
TOP3: 10.00%
合计: 85.00%"
,camera de sport,1270,42500,4381,79,FR,T70M,体育相机,"上月: -
4月前: -
12月前: -","上月: -
4月前: -
12月前: -","上月: -
4月前: -
12月前: -",-,-,1,1.0,"TOP1: 36.71%
TOP2: 11.39%
TOP3: 7.59%
合计: 55.68%","TOP1: 60.76%
TOP2: 15.19%
TOP3: 10.13%
合计: 86.08%"
,camera sport etanche,1662,43644,3977,72,FR,T70M,防水运动相机,"上月: -
4月前: -
12月前: -","上月: -
4月前: -
12月前: -","上月: -
4月前: -
12月前: -",-,-,1,1.0,"TOP1: 37.50%
TOP2: 12.50%
TOP3: 7.50%
合计: 57.50%","TOP1: 59.72%
TOP2: 15.28%
TOP3: 10.42%
合计: 85.42%"
,harnais camera sport,310,59806,3546,64,FR,T70M,运动相机背带,"上月: -
4月前: -
12月前: -","上月: -
4月前: -
12月前: -","上月: -
4月前: -
12月前: -",-,-,1,1.0,"TOP1: 39.06%
TOP2: 9.38%
TOP3: 7.81%
合计: 56.25%","TOP1: 60.94%
TOP2: 14.06%
TOP3: 10.16%
合计: 85.16%"
,kersens camera sport,310,51530,3546,64,FR,T70M,Kersens运动相机,"上月: -
4月前: -
12月前: -","上月: -
4月前: -
12月前: -","上月: -
4月前: -
12月前: -",-,-,1,1.0,"TOP1: 39.06%
TOP2: 9.38%
TOP3: 7.81%
合计: 56.25%","TOP1: 60.94%
TOP2: 14.06%
TOP3: 10.16%
合计: 85.16%"
,camera 360 sport,1117,46666,3372,61,FR,T70M,360运动相机,"上月: -
4月前: -
12月前: -","上月: -
4月前: -
12月前: -","上月: -
4月前: -
12月前: -",-,-,1,1.0,"TOP1: 36.07%
TOP2: 13.11%
TOP3: 7.38%
合计: 56.56%","TOP1: 60.66%
TOP2: 14.75%
TOP3: 10.66%
合计: 86.07%"
,sport camera,4839,35470,2905,52,FR,T70M,运动相机,"上月: -
4月前: -
12月前: -","上月: -
4月前: -
12月前: -","上月: -
4月前: -
12月前: -",-,-,1,1.0,"TOP1: 38.46%
TOP2: 11.54%
TOP3: 7.69%
合计: 57.69%","TOP1: 60.38%
TOP2: 15.38%
TOP3: 10.26%
合计: 86.02%"
,camera embarquée sport,443,58148,2549,46,FR,T70M,车载运动相机,"上月: -
4月前: -
12月前: -","上月: -
4月前: -
12月前: -","上月: -
4月前: -
12月前: -",-,-,1,1.0,"TOP1: 36.96%
TOP2: 13.04%
TOP3: 7.50%
合计: 57.50%","TOP1: 60.87%
TOP2: 15.22%
TOP3: 10.00%
合计: 86.09%"
,dashcam moto,2546,46052,2335,42,FR,T70M,摩托车行车记录仪,"上月: -
4月前: -
12月前: -","上月: -
4月前: -
12月前: -","上月: -
4月前: -
12月前: -",-,-,1,1.0,"TOP1: 38.10%
TOP2: 11.90%
TOP3: 7.62%
合计: 57.62%","TOP1: 60.71%
TOP2: 14.29%
TOP3: 10.00%
合计: 85.00%"
,moovora 4k dashcam moto,160,63146,1684,30,FR,T70M,Moovora 4K摩托车记录仪,"上月: -
4月前: -
12月前: -","上月: -
4月前: -
12月前: -","上月: -
4月前: -
12月前: -",-,-,1,1.0,"TOP1: 36.67%
TOP2: 13.33%
TOP3: 7.50%
合计: 57.50%","TOP1: 60.00%
TOP2: 15.00%
TOP3: 10.00%
合计: 85.00%"
,camera surveillance exterieure 4k wifi,2967,40844,1152,21,FR,T70M,4K WiFi室外监控相机,"上月: -
4月前: -
12月前: -","上月: -
4月前: -
12月前: -","上月: -
4月前: -
12月前: -",-,-,1,1.0,"TOP1: 38.10%
TOP2: 11.90%
TOP3: 7.62%
合计: 57.62%","TOP1: 60.00%
TOP2: 15.24%
TOP3: 10.48%
合计: 85.71%"
,camera 4k,14469,47494,938,17,FR,T70M,4K相机,"上月: -
4月前: -
12月前: -","上月: -
4月前: -
12月前: -","上月: -
4月前: -
12月前: -",-,-,1,1.0,"TOP1: 35.29%
TOP2: 11.76%
TOP3: 7.06%
合计: 54.12%","TOP1: 58.82%
TOP2: 14.71%
TOP3: 10.29%
合计: 83.82%"
,skypro camera 4k,267,53336,865,16,FR,T70M,Skypro 4K相机,"上月: -
4月前: -
12月前: -","上月: -
4月前: -
12月前: -","上月: -
4月前: -
12月前: -",-,-,1,1.0,"TOP1: 37.50%
TOP2: 12.50%
TOP3: 7.50%
合计: 57.50%","TOP1: 59.38%
TOP2: 15.63%
TOP3: 10.00%
合计: 85.00%"
,lunette camera 4k,534,49458,797,15,FR,T70M,4K相机眼镜,"上月: -
4月前: -
12月前: -","上月: -
4月前: -
12月前: -","上月: -
4月前: -
12月前: -",-,-,1,1.0,"TOP1: 36.67%
TOP2: 13.33%
TOP3: 7.50%
合计: 57.50%","TOP1: 59.33%
TOP2: 15.33%
TOP3: 10.00%
合计: 84.67%"
,camera vlog 4k,893,52344,726,13,FR,T70M,4K Vlog相机,"上月: -
4月前: -
12月前: -","上月: -
4月前: -
12月前: -","上月: -
4月前: -
12月前: -",-,-,1,1.0,"TOP1: 38.46%
TOP2: 11.54%
TOP3: 7.69%
合计: 57.69%","TOP1: 60.26%
TOP2: 15.38%
TOP3: 10.26%
合计: 85.90%"
,lunettes camera 4k,430,55840,651,12,FR,T70M,4K相机眼镜,"上月: -
4月前: -
12月前: -","上月: -
4月前: -
12月前: -","上月: -
4月前: -
12月前: -",-,-,1,1.0,"TOP1: 33.33%
TOP2: 16.67%
TOP3: 7.50%
合计: 57.50%","TOP1: 58.33%
TOP2: 16.67%
TOP3: 10.00%
合计: 85.00%"
,camera espion 4k,353,56624,582,11,FR,T70M,4K间谍相机,"上月: -
4月前: -
12月前: -","上月: -
4月前: -
12月前: -","上月: -
4月前: -
12月前: -",-,-,1,1.0,"TOP1: 36.36%
TOP2: 13.64%
TOP3: 7.50%
合计: 57.50%","TOP1: 60.00%
TOP2: 15.00%
TOP3: 10.00%
合计: 85.00%"
,action cam,3756,28777,90431,1691,FR,T70M,行动摄像机,"上月: 31,046
4月前: 45,574
12月前: 30,823","上月: +2,269
4月前: +16,797
12月前: +2,046","上月: +7.31%
4月前: +36.86%
12月前: +6.64%",€0.64,€0.48 - €0.80,1,15.0,"TOP1: 14.41%
TOP2: 11.18%
TOP3: 10.11%
合计: 35.70%","TOP1: 0.00%
TOP2: 22.22%
TOP3: 0.00%
合计: 22.22%"
,camera 4k exterieur,1,132805,27,0,FR,T70M,户外 4k 摄像机,"上月: 167,243
4月前: 129,148
12月前: -","上月: +34,438
4月前: -3,657
12月前: -","上月: +20.59%
4月前: -2.83%
12月前: -",€1.38,€0.84 - €1.73,1,0.0,"TOP1: 12.90%
TOP2: 9.68%
TOP3: 6.45%
合计: 29.03%","TOP1: 0.00%
TOP2: 0.00%
TOP3: 0.00%
合计: 0.00%"
,camera 4k ultra hd,1,158829,24,0,FR,T70M,4K超高清摄像机,"上月: 118,625
4月前: 129,149
12月前: 117,619","上月: -40,204
4月前: -29,680
12月前: -41,210","上月: -33.89%
4月前: -22.98%
12月前: -35.04%",€0.99,€0.74 - €1.24,1,0.0,"TOP1: 11.54%
TOP2: 11.54%
TOP3: 7.69%
合计: 30.77%","TOP1: 0.00%
TOP2: 0.00%
TOP3: 0.00%
合计: 0.00%"
,camera casque ski,1,132806,29,0,FR,T70M,滑雪头盔相机,"上月: 173,566
4月前: -
12月前: -","上月: +40,760
4月前: -
12月前: -","上月: +23.48%
4月前: -
12月前: -",€0.24,€0.19 - €0.30,1,0.0,"TOP1: 19.35%
TOP2: 12.90%
TOP3: 9.68%
合计: 41.93%","TOP1: 33.33%
TOP2: 0.00%
TOP3: 0.00%
合计: 33.33%"
,camera embarquée ski,1112,86533,30204,444,FR,T70M,车载滑雪相机,"上月: 99,460
4月前: -
12月前: -","上月: +12,927
4月前: -
12月前: -","上月: +13.00%
4月前: -
12月前: -",€0.81,€0.69 - €1.01,1,0.0,"TOP1: 21.74%
TOP2: 17.39%
TOP3: 6.52%
合计: 45.65%","TOP1: 0.00%
TOP2: 0.00%
TOP3: 0.00%
合计: 0.00%"
,camera exterieur 4k,504,120731,13442,247,FR,T70M,4k 室外摄像机,"上月: 101,815
4月前: 98,245
12月前: 147,109","上月: -18,916
4月前: -22,486
12月前: +26,378","上月: -18.58%
4月前: -22.89%
12月前: +17.93%",€1.17,€0.88 - €1.46,1,0.0,"TOP1: 17.65%
TOP2: 11.76%
TOP3: 8.82%
合计: 38.23%","TOP1: 0.00%
TOP2: 0.00%
TOP3: 0.00%
合计: 0.00%"
,camera interieur 4k,504,120734,14342,199,FR,T70M,4k 室内摄像机,"上月: 137,061
4月前: 113,308
12月前: 133,098","上月: +16,327
4月前: -7,426
12月前: +12,364","上月: +11.91%
4月前: -6.55%
12月前: +9.29%",€1.49,€1.01 - €2.03,1,0.0,"TOP1: 29.41%
TOP2: 20.59%
TOP3: 8.82%
合计: 58.82%","TOP1: 0.00%
TOP2: 50.00%
TOP3: 0.00%
合计: 50.00%"
,camera portable,3741,27918,92170,1511,FR,T70M,便携式相机,"上月: 29,070
4月前: 40,491
12月前: 36,125","上月: +1,152
4月前: +12,573
12月前: +8,207","上月: +3.96%
4月前: +31.05%
12月前: +22.72%",€0.55,€0.41 - €0.69,1,0.0,"TOP1: 15.06%
TOP2: 11.72%
TOP3: 9.21%
合计: 35.99%","TOP1: 7.69%
TOP2: 23.08%
TOP3: 15.38%
合计: 46.15%"
,camera ski,3935,26668,98292,1943,FR,T70M,摄像滑雪,"上月: 18,844
4月前: -
12月前: 97,009","上月: -7,824
4月前: -
12月前: +70,341","上月: -41.52%
4月前: -
12月前: +72.51%",€0.71,€0.53 - €0.89,1,0.0,"TOP1: 14.29%
TOP2: 9.26%
TOP3: 8.25%
合计: 31.80%","TOP1: 4.35%
TOP2: 13.04%
TOP3: 8.70%
合计: 26.09%"
,camera skypro 4k,1,137484,28,0,FR,T70M,SkyPro 4K相机,"上月: -
4月前: 154,619
12月前: -","上月: -
4月前: +17,135
12月前: -","上月: -
4月前: +11.08%
12月前: -",€0.21,€0.16 - €0.26,1,0.0,"TOP1: 30.00%
TOP2: 13.33%
TOP3: 6.67%
合计: 50.00%","TOP1: 100.00%
TOP2: 0.00%
TOP3: 0.00%
合计: 100.00%"
,camera streaming 4k,1,128553,24,0,FR,T70M,流媒体摄像机 4k,"上月: -
4月前: 129,158
12月前: 79,875","上月: -
4月前: +605
12月前: -48,678","上月: -
4月前: +0.47%
12月前: -60.94%",€2.28,€1.18 - €2.85,1,0.0,"TOP1: 15.63%
TOP2: 15.63%
TOP3: 12.50%
合计: 43.76%","TOP1: 50.00%
TOP2: 0.00%
TOP3: 0.00%
合计: 50.00%"
,mini kodak camera porte cle,3285,33062,78426,1304,FR,T70M,,"上月: -
4月前: -
12月前: -","上月: -
4月前: -
12月前: -","上月: -
4月前: -
12月前: -",,-,1,,"TOP1: 88.62%
TOP2: 2.42%
TOP3: 1.21%
合计: 92.25%","TOP1: 81.82%
TOP2: 0.00%
TOP3: 0.00%
合计: 81.82%"
,mini camera espion grande autonomie,1,134844,29,0,FR,T70M,迷你间谍相机长自主权,"上月: 158,292
4月前: 83,840
12月前: 50,864","上月: +23,448
4月前: -51,004
12月前: -83,980","上月: +14.81%
4月前: -60.83%
12月前: -165.11%",,-,1,,"TOP1: 19.35%
TOP2: 16.13%
TOP3: 12.90%
合计: 48.38%","TOP1: 0.00%
TOP2: 100.00%
TOP3: 0.00%
合计: 100.00%"
,mini camera espion nano vision 360 hd 4k,1,149694,29,0,FR,T70M,迷你纳米360高清4k间谍相机,"上月: -
4月前: -
12月前: -","上月: -
4月前: -
12月前: -","上月: -
4月前: -
12月前: -",,-,1,,"TOP1: 57.14%
TOP2: 21.43%
TOP3: 7.14%
合计: 85.71%","TOP1: 33.33%
TOP2: 0.00%
TOP3: 33.33%
合计: 66.66%"
,mini camera pour smartphone,1,161510,26,0,FR,T70M,智能手机的迷你相机,"上月: 120,057
4月前: 147,111
12月前: 59,102","上月: -41,453
4月前: -14,399
12月前: -102,408","上月: -34.53%
4月前: -9.79%
12月前: -173.27%",€0.36,€0.21 - €0.45,1,,"TOP1: 15.38%
TOP2: 11.54%
TOP3: 11.54%
合计: 38.46%","TOP1: 0.00%
TOP2: 0.00%
TOP3: 0.00%
合计: 0.00%"
,camera surveillance wifi exterieure sans fil 4k,1286,75434,29974,601,FR,T70M,4k无线户外wifi监控摄像头,"上月: 71,684
4月前: 61,675
12月前: 55,132","上月: -3,750
4月前: -13,759
12月前: -20,302","上月: -5.23%
4月前: -22.31%
12月前: -36.82%",,-,1,,"TOP1: 11.54%
TOP2: 5.77%
TOP3: 5.77%
合计: 23.08%","TOP1: 0.00%
TOP2: 50.00%
TOP3: 0.00%
合计: 50.00%"
,drone camera 4k,661,110738,17505,316,FR,T70M,无人机相机4K,"上月: 97,552
4月前: 78,728
12月前: 23,935","上月: -13,186
4月前: -32,010
12月前: -86,803","上月: -13.52%
4月前: -40.66%
12月前: -362.66%",€2.02,€1.52 - €2.53,1,,"TOP1: 21.62%
TOP2: 8.11%
TOP3: 8.11%
合计: 37.84%","TOP1: 0.00%
TOP2: 0.00%
TOP3: 0.00%
合计: 0.00%"
,camera video 4k,1,137488,27,0,FR,T70M,4k 摄像机,"上月: 161,416
4月前: -
12月前: 133,105","上月: +23,928
4月前: -
12月前: -4,383","上月: +14.82%
4月前: -
12月前: -3.29%",€1.27,€0.95 - €1.68,1,,"TOP1: 16.67%
TOP2: 13.33%
TOP3: 10.00%
合计: 40.00%","TOP1: 0.00%
TOP2: 0.00%
TOP3: 0.00%
合计: 0.00%"
,drone avec camera 4k,1,159842,26,0,FR,T70M,带4K摄像头的无人机,"上月: 162,352
4月前: 68,254
12月前: 45,957","上月: +2,510
4月前: -91,588
12月前: -113,885","上月: +1.55%
4月前: -134.19%
12月前: -247.81%",€1.65,€0.95 - €1.97,1,9.0,"TOP1: 19.23%
TOP2: 15.38%
TOP3: 11.54%
合计: 46.15%","TOP1: 0.00%
TOP2: 0.00%
TOP3: 50.00%
合计: 50.00%"
,caméra sport,4472,23068,112901,1959,FR,T70M,运动相机,"上月: 24,158
4月前: 36,170
12月前: 32,095","上月: +1,090
4月前: +13,102
12月前: +9,027","上月: +4.51%
4月前: +36.22%
12月前: +28.13%",€0.49,€0.37 - €0.61,1,37.0,"TOP1: 10.99%
TOP2: 10.82%
TOP3: 9.93%
合计: 31.74%","TOP1: 3.70%
TOP2: 7.41%
TOP3: 0.00%
合计: 11.11%"
,kersens caméra sport,905,94231,23320,389,FR,T70M,kersens运动相机,"上月: -
4月前: -
12月前: -","上月: -
4月前: -
12月前: -","上月: -
4月前: -
12月前: -",€0.33,€0.25 - €0.41,1,2.0,"TOP1: 60.47%
TOP2: 11.63%
TOP3: 9.30%
合计: 81.40%","TOP1: 0.00%
TOP2: 0.00%
TOP3: 0.00%
合计: 0.00%"
,caméra sport 4k,1,132826,26,0,FR,T70M,运动相机 4k,"上月: 137,070
4月前: 154,636
12月前: -","上月: +4,244
4月前: +21,810
12月前: -","上月: +3.10%
4月前: +14.10%
12月前: -",€0.45,€0.34 - €0.56,1,16.0,"TOP1: 29.03%
TOP2: 12.90%
TOP3: 9.68%
合计: 51.61%","TOP1: 0.00%
TOP2: 0.00%
TOP3: 0.00%
合计: 0.00%"
,caméra portable sport,1,137491,29,0,FR,T70M,便携运动相机,"上月: -
4月前: 159,612
12月前: -","上月: -
4月前: +22,121
12月前: -","上月: -
4月前: +13.86%
12月前: -",€0.67,€0.46 - €0.80,1,,"TOP1: 13.33%
TOP2: 10.00%
TOP3: 10.00%
合计: 33.33%","TOP1: 0.00%
TOP2: 25.00%
TOP3: 0.00%
合计: 25.00%"
,lunette de ski avec camera,1185,85270,32723,542,FR,T70M,带摄像头的滑雪镜,"上月: 33,861
4月前: -
12月前: -","上月: -51,409
4月前: -
12月前: -","上月: -151.82%
4月前: -
12月前: -",€0.50,€0.38 - €0.63,1,,"TOP1: 57.45%
TOP2: 8.51%
TOP3: 4.26%
合计: 70.22%","TOP1: 0.00%
TOP2: 0.00%
TOP3: 0.00%
合计: 0.00%"
,masque de ski camera intégré,823,99652,20525,393,FR,T70M,带摄像头的滑雪面罩,"上月: 102,806
4月前: -
12月前: -","上月: +3,154
4月前: -
12月前: -","上月: +3.07%
4月前: -
12月前: -",€0.48,€0.36 - €0.60,1,,"TOP1: 39.02%
TOP2: 12.20%
TOP3: 9.76%
合计: 60.98%","TOP1: 0.00%
TOP2: 0.00%
TOP3: 0.00%
合计: 0.00%"
,lunette de ski camera,649,111508,16069,307,FR,T70M,滑雪镜相机,"上月: 62,753
4月前: -
12月前: -","上月: -48,755
4月前: -
12月前: -","上月: -77.69%
4月前: -
12月前: -",€0.26,€0.23 - €0.33,1,,"TOP1: 29.73%
TOP2: 8.11%
TOP3: 8.11%
合计: 45.95%","TOP1: 0.00%
TOP2: 0.00%
TOP3: 0.00%
合计: 0.00%"
,caméra vlog,3439,30272,99221,1590,FR,T70M,录像机,"上月: 29,380
4月前: 56,858
12月前: 38,819","上月: -892
4月前: +26,586
12月前: +8,547","上月: -3.04%
4月前: +46.76%
12月前: +22.02%",€0.44,€0.33 - €0.55,1,6.0,"TOP1: 15.28%
TOP2: 7.87%
TOP3: 7.42%
合计: 30.57%","TOP1: 11.11%
TOP2: 0.00%
TOP3: 0.00%
合计: 11.11%"
,caméra action vlog,1070,86538,30594,515,FR,T70M,Vlog运动相机,"上月: 74,982
4月前: -
12月前: -","上月: -11,556
4月前: -
12月前: -","上月: -15.41%
4月前: -
12月前: -",€0.54,€0.41 - €0.68,1,,"TOP1: 23.91%
TOP2: 10.87%
TOP3: 10.87%
合计: 45.65%","TOP1: 0.00%
TOP2: 0.00%
TOP3: 0.00%
合计: 0.00%"
